{"beta":0.5,"b":0.04,"min_r":6.0,"max_r":12,"Si":[3.0322720352,0.0951148751,15.4858762935,11.2057150382,3.5984069747,1.9820639245,0.3281926752,0.0,3.6491679741,11.1939385735],"Results":[[1.0,0.0,0.0,0.0,0.0],[2.0,3.0,19.8981617896,6.6327205965,7.0],[3.0,0.0,0.0,0.0,0.0],[4.0,7.0,58.475632585,8.3536617979,0.0],[5.0,0.0,0.0,0.0,0.0],[6.0,0.0,0.0,0.0,0.0]],"Profit":127.114169029}
{"beta":0.2,"b":0.04,"min_r":6.0,"max_r":12,"Si":[5.0537867253,0.1585247918,24.0214802652,18.6974211938,5.9973449578,3.3034398741,0.546987792,0.0,6.0819466235,18.6565642892],"Results":[[1.0,10.0,79.6800792116,7.9680079212,3.0],[2.0,5.0,33.2917082413,6.6583416483,7.0],[3.0,1.0,6.9880587996,6.9880587996,0.0],[4.0,0.0,0.0,0.0,0.0],[5.0,8.0,51.0737780735,6.3842222592,0.0],[6.0,6.0,33.5145853785,5.5857642297,0.0]],"Profit":212.0821953238}
{"beta":0.8,"b":0.04,"min_r":6.0,"max_r":12,"Si":[2.0215146901,0.0634099167,10.664912135,7.4704766922,2.3989379831,1.3213759497,0.2187951168,0.0,2.4327786494,7.4626257157],"Results":[[1.0,6.0,41.2760235511,6.8793372585,2.9999922811],[2.0,2.0,13.7778622273,6.8889311137,7.0],[3.0,1.0,7.9591837823,7.9591837823,0.0],[4.0,6.0,35.763790592,5.9606317653,0.0000077188],[5.0,9.0,134.3100645228,14.9233405025,0.0],[6.0,10.0,145.6848630464,14.5684863046,0.0]],"Profit":92.2564005533}
{"beta":0.5,"b":0.01,"min_r":6.0,"max_r":12,"Si":[3.1246184668,0.0980115543,15.8062271245,11.5469798673,3.707994782,2.0424267576,0.3381876302,0.0,3.760301684,11.5348447559],"Results":[[1.0,8.0,55.6150204569,6.9518775571,2.9999904167],[2.0,3.0,20.5041510335,6.8347170112,7.0],[3.0,4.0,28.965611658,7.2414029145,0.0],[4.0,2.0,14.2074657048,7.1037328524,0.0],[5.0,5.0,36.7854555215,7.3570911043,0.0],[6.0,0.0,0.0,0.0,0.0]],"Profit":130.3535368183}
{"beta":0.5,"b":0.07,"min_r":6.0,"max_r":12,"Si":[2.9426548531,0.0923038057,15.1550454937,10.8745361091,3.4920579764,1.9234850827,0.3184931158,0.0,3.5413187616,10.8631076915],"Results":[[1.0,0.0,0.0,0.0,0.0],[2.0,3.0,19.3100822346,6.4366940782,7.0],[3.0,8.0,47.5133019787,5.9391627473,0.0],[4.0,2.0,11.8670728829,5.9335364414,0.0],[5.0,0.0,0.0,0.0,0.0],[6.0,0.0,0.0,0.0,0.0]],"Profit":123.9904528128}
{"beta":0.5,"b":0.04,"min_r":7.0,"max_r":11,"Si":[2.6953529202,0.0845465556,12.8114561414,9.97195797,3.1985839775,1.7618345995,0.2917268224,0.0,3.2437048658,9.9501676209],"Results":[[1.0,8.0,50.6360422462,6.3295052808,3.0],[2.0,4.0,26.6012458318,6.650311458,7.0],[3.0,2.0,14.3945516379,7.197275819,0.0],[4.0,0.0,0.0,0.0,0.0],[5.0,0.0,0.0,0.0,0.0],[6.0,7.0,2200.0,314.2857142857,0.0]],"Profit":130.1168475612}
{"beta":0.5,"b":0.04,"min_r":8.0,"max_r":10,"Si":[2.1040142697,0.0659977245,8.8401644438,7.7753526296,2.4968404994,1.3753023252,0.2277243149,0.0,2.5320622295,7.7671812486],"Results":[[1.0,6.0,38.6401474515,6.4400245753,10.0],[2.0,0.0,0.0,0.0,0.0],[3.0,0.0,0.0,0.0,0.0],[4.0,0.0,0.0,0.0,0.0],[5.0,0.0,0.0,0.0,0.0],[6.0,0.0,0.0,0.0,0.0]],"Profit":146.4014745152}
