{"beta":0.5,"b":0.04,"min_r":6.0,"max_r":12,"Si":[2.8977530741,0.0,9.267014007,0.0,0.0,8.747950367,0.0,0.0,3.2498257731,0.0],"Results":[[1.0,8.0,59.9392448729,7.4924056091,4.0],[2.0,3.0,26.6478425256,8.8826141752,1.0],[3.0,3.0,30.5919345563,10.1973115188,0.0],[4.0,5.0,49.6407781354,9.9281556271,0.0],[5.0,0.0,0.0,0.0,0.0],[6.0,1.0,9.5900244876,9.5900244876,0.0]],"Profit":126.4048220174}
{"beta":0.2,"b":0.04,"min_r":6.0,"max_r":12,"Si":[4.8295884569,0.0,12.791164623,0.0,0.0,12.142335073,0.0,0.0,5.2696793306,0.0],"Results":[[1.0,10.0,88.141658977,8.8141658977,4.0],[2.0,5.0,44.5411761346,8.9082352269,1.0],[3.0,7.0,59.0684079922,8.4383439989,0.0],[4.0,1.0,8.7909666349,8.7909666349,0.0],[5.0,4.0,38.1705859973,9.5426464993,0.0],[6.0,1.0,8.1150850012,8.1150850012,0.0]],"Profit":217.1078120424}
{"beta":0.8,"b":0.04,"min_r":6.0,"max_r":12,"Si":[1.9318353828,0.0,5.9126234658,0.0,0.0,5.5882086908,0.0,0.0,2.1518808196,0.0],"Results":[[1.0,5.0,39.8537883342,7.9707576668,4.0],[2.0,2.0,18.2776493846,9.1388246923,1.0],[3.0,2.0,17.5609725013,8.7804862506,0.0],[4.0,10.0,143.5288629677,14.3528862968,0.0],[5.0,10.0,137.9010157529,13.7901015753,0.0],[6.0,10.0,132.4938395838,13.2493839584,0.0]],"Profit":89.6928027213}
{"beta":0.5,"b":0.01,"min_r":6.0,"max_r":12,"Si":[2.9860027935,0.0,9.3552637264,0.0,0.0,8.8362000864,0.0,0.0,3.3380754925,0.0],"Results":[[1.0,8.0,59.8509951536,7.4813743942,4.0],[2.0,3.0,27.4593901506,9.1531300502,1.0],[3.0,3.0,27.1861646535,9.0620548845,0.0],[4.0,0.0,0.0,0.0,0.0],[5.0,3.0,26.6478425256,8.8826141752,0.0],[6.0,0.0,0.0,0.0,0.0]],"Profit":126.8633707648}
{"beta":0.5,"b":0.07,"min_r":6.0,"max_r":12,"Si":[2.8121115281,0.0,9.181372461,0.0,0.0,8.662308821,0.0,0.0,3.1641842271,0.0],"Results":[[1.0,8.0,60.024886419,7.5031108024,4.0],[2.0,3.0,25.8602797577,8.6200932526,1.0],[3.0,10.0,57.4400038375,5.7440003837,0.0],[4.0,10.0,52.9359870733,5.2935987073,0.0],[5.0,8.0,44.6790698822,5.5848837353,0.0],[6.0,2.0,13.617092735,6.8085463675,0.0]],"Profit":125.9598254335}
{"beta":0.5,"b":0.04,"min_r":7.0,"max_r":11,"Si":[7.2179155333,0.1288914496,10.9333177441,0.7054998836,0.3714420971,10.6305306208,1.1326826542,4.7431328214,7.4232912743,0.0],"Results":[[1.0,7.0,46.7286666025,6.6755238004,4.0],[2.0,2.0,13.2387297179,6.619364859,5.0],[3.0,4.0,26.5795272144,6.6448818036,1.0],[4.0,7.0,40.628410654,5.8040586649,0.0],[5.0,10.0,57.5951622924,5.7595162292,0.0],[6.0,2.0,17.2897184587,8.6448592294,0.0]],"Profit":111.6878422142}
{"beta":0.5,"b":0.04,"min_r":8.0,"max_r":10,"Si":[6.7538079017,0.1288914496,8.3461231349,0.7054998836,0.3714420971,8.2163572249,1.1326826542,4.7431328214,6.8418260764,0.0],"Results":[[1.0,6.0,38.5804415851,6.4300735975,5.0],[2.0,4.0,26.6897818661,6.6724454665,5.0],[3.0,6.0,35.2495668971,5.8749278162,0.0],[4.0,0.0,0.0,0.0,0.0],[5.0,0.0,0.0,0.0,0.0],[6.0,0.0,0.0,0.0,0.0]],"Profit":126.3511172556}
