{"beta":0.5,"b":0.04,"lambda":0.5,"Si":[3.0322720352,0.0951148751,15.4858713543,11.2057150382,3.5984069747,1.9820639245,0.3281926752,0.0,3.6491679741,11.1939385735],"Results":[[1.0,0.0,0.0,0.0,0.0],[2.0,3.0,19.8981617896,6.6327205965,7.0],[3.0,2.0,13.514559426,6.757279713,0.0],[4.0,10.0,73.9129208049,7.3912920805,0.0],[5.0,3.0,17.6480863443,5.8826954481,0.0],[6.0,6.0,2200.0,366.6666666667,0.0]],"Profit":127.1141379408}
{"beta":0.2,"b":0.04,"lambda":0.5,"Si":[8.1155910731,4.1899801902,0.0,0.0,0.0,0.0,5.367641394,0.0,0.0,0.0],"Results":[[1.0,10.0,86.1212917754,8.6121291775,4.0],[2.0,6.0,54.1815827272,9.0302637879,0.0],[3.0,1.0,9.4454457021,9.4454457021,0.0],[4.0,1.0,9.0750844787,9.0750844787,0.0],[5.0,1.0,8.7192453265,8.7192453265,0.0],[6.0,1.0,8.3773588271,8.3773588271,0.0]],"Profit":184.4851671017}
{"beta":0.8,"b":0.04,"lambda":0.5,"Si":[1.6831599119,10.1525359542,0.3880496595,2.0564521844,0.0,6.5493082748,5.4415145315,0.0,6.4079490877,0.0],"Results":[[1.0,5.0,35.1159303171,7.0231860634,4.0],[2.0,2.0,14.2959617214,7.1479808607,4.0],[3.0,1.0,7.2369510608,7.2369510608,0.0],[4.0,1.0,6.9531861509,6.9531861509,0.0],[5.0,9.0,135.4867522058,15.0540835784,0.0],[6.0,10.0,128.5479902466,12.8547990247,0.0]],"Profit":85.6475681543}
{"beta":0.5,"b":0.01,"lambda":0.5,"Si":[0.1070916112,0.0,0.7100076805,2.6268909433,7.5555480377,0.0,9.0487250864,1.8171010322,6.5767762528,11.5576170594],"Results":[[1.0,8.0,57.6313955676,7.203924446,4.0],[2.0,4.0,32.8807548768,8.2201887192,1.9999963001],[3.0,0.0,0.0,0.0,0.0],[4.0,1.0,7.7753539326,7.7753539326,1.0000128605],[5.0,8.0,55.1137571395,6.8892196424,0.0],[6.0,9.0,66.2307156264,7.3589684029,0.0]],"Profit":147.7695121696}
{"beta":0.5,"b":0.07,"lambda":0.5,"Si":[4.8180075346,11.6015195712,0.0,1.6336404223,11.461566763,0.0,1.5397247091,0.0,0.0,0.0],"Results":[[1.0,7.0,47.3917789461,6.7702541352,5.0],[2.0,3.0,23.3411392361,7.7803797454,1.0],[3.0,8.0,58.9637167363,7.370464592,0.0],[4.0,3.0,25.1257835752,8.3752611917,0.0],[5.0,10.0,52.5197345002,5.25197345,0.0],[6.0,1.0,7.7508943505,7.7508943505,0.0]],"Profit":108.3000339665}
{"beta":0.5,"b":0.04,"lambda":0.2,"Si":[9.8145207191,0.0,0.0,0.0,0.0,4.7114811888,0.0,0.0,4.7026428696,1.8763161398],"Results":[[1.0,0.0,0.0,0.0,0.0],[2.0,3.0,22.7190746386,7.5730248795,2.0],[3.0,3.0,21.82824698,7.2760823267,0.0],[4.0,10.0,71.3451244785,7.1345124478,0.0],[5.0,1.0,7.2847663927,7.2847663927,0.0],[6.0,10.0,145.754499037,14.5754499037,0.0]],"Profit":83.1412005304}
{"beta":0.5,"b":0.04,"lambda":0.8,"Si":[2.4876035963,13.1381387467,1.0141103833,5.9083942455,3.5890860294,3.7639113064,10.611753359,10.975764363,0.0,10.7932770661],"Results":[[1.0,7.0,51.592511903,7.3703588433,9.0],[2.0,3.0,26.1377808928,8.7125936309,1.0],[3.0,3.0,25.1129038447,8.3709679482,0.0],[4.0,7.0,45.6437780291,6.5205397184,0.0],[5.0,1.0,8.2954732074,8.2954732074,0.0],[6.0,1.0,7.9702030504,7.9702030504,0.0]],"Profit":226.4703880199}
