{"beta":0.5,"b":0.04,"lambda":0.5,"Si":[0.0,0.0,4.8039471958,12.8039471958,4.8039471958,12.8039471958,0.0,4.8039471958,4.8039471958,0.0],"Results":[[1.0,8.0,58.6960528042,7.3370066005,6.0],[2.0,5.0,40.3531564444,8.0706312889,4.0],[3.0,10.0,60.583802342,6.0583802342,0.0],[4.0,1.0,8.8692043672,8.8692043672,0.0],[5.0,10.0,115.4654834049,11.5465483405,0.0],[6.0,9.0,108.0724594063,12.0080510451,0.0]],"Profit":241.588942603}
{"beta":0.2,"b":0.04,"lambda":0.5,"Si":[0.0,0.0,10.0,20.0,10.0,20.0,0.0,10.0,10.0,0.0],"Results":[[1.0,10.0,83.8,8.38,10.0],[2.0,1.0,2200.0,2200.0,0.0],[3.0,1.0,2200.0,2200.0,0.0],[4.0,1.0,8.8692043672,8.8692043672,0.0],[5.0,1.0,8.5214378897,8.5214378897,0.0],[6.0,1.0,2200.0,2200.0,0.0]],"Profit":438.0}
{"beta":0.8,"b":0.04,"lambda":0.5,"Si":[0.0,0.0,3.8431577566,8.8431577566,3.8431577566,8.8431577566,0.0,3.8431577566,3.8431577566,0.0],"Results":[[1.0,5.0,38.3568422434,7.6713684487,6.0],[2.0,4.0,31.5138936042,7.878473401,4.0],[3.0,6.0,39.1588922555,6.5264820426,0.0],[4.0,1.0,2200.0,2200.0,0.0],[5.0,1.0,2200.0,2200.0,0.0],[6.0,1.0,12.1752309631,12.1752309631,0.0]],"Profit":172.1966278772}
{"beta":0.5,"b":0.01,"lambda":0.5,"Si":[0.0,0.0,4.9502491687,12.9502491687,4.9502491687,12.9502491687,0.0,4.9502491687,4.9502491687,0.0],"Results":[[1.0,8.0,58.5497508313,7.3187188539,6.0],[2.0,5.0,41.5820930175,8.3164186035,4.0],[3.0,10.0,64.9755453592,6.4975545359,0.0],[4.0,10.0,64.2001707484,6.4200170748,0.0],[5.0,10.0,63.4325112439,6.3432511244,0.0],[6.0,8.0,55.4528192871,6.9316024109,0.0]],"Profit":245.6268770574}
{"beta":0.5,"b":0.07,"lambda":0.5,"Si":[0.0,0.0,7.0,14.0,7.0,14.0,0.0,7.0,7.0,0.0],"Results":[[1.0,7.0,52.0,7.4285714286,10.0],[2.0,1.0,9.3239381991,9.3239381991,0.0],[3.0,10.0,55.1139797142,5.5113979714,0.0],[4.0,1.0,8.1058424597,8.1058424597,0.0],[5.0,10.0,46.0848074457,4.6084807446,0.0],[6.0,5.0,29.5968997682,5.9193799536,0.0]],"Profit":240.0}
{"beta":0.5,"b":0.04,"lambda":0.2,"Si":[0.0,0.0,4.8039471958,12.8039471958,4.8039471958,12.8039471958,0.0,4.8039471958,4.8039471958,0.0],"Results":[[1.0,8.0,58.6960528042,7.3370066005,6.0],[2.0,5.0,40.3531564444,8.0706312889,4.0],[3.0,10.0,60.583802342,6.0583802342,0.0],[4.0,1.0,8.8692043672,8.8692043672,0.0],[5.0,10.0,115.4654834049,11.5465483405,0.0],[6.0,9.0,108.0724594063,12.0080510451,0.0]],"Profit":241.588942603}
{"beta":0.5,"b":0.04,"lambda":0.8,"Si":[0.0,0.0,4.8039471958,12.8039471958,4.8039471958,12.8039471958,0.0,4.8039471958,4.8039471958,0.0],"Results":[[1.0,8.0,58.6960528042,7.3370066005,6.0],[2.0,5.0,40.3531564444,8.0706312889,4.0],[3.0,10.0,60.583802342,6.0583802342,0.0],[4.0,1.0,8.8692043672,8.8692043672,0.0],[5.0,10.0,115.4654834049,11.5465483405,0.0],[6.0,9.0,108.0724594063,12.0080510451,0.0]],"Profit":241.588942603}
