{"beta":0.5,"b":0.04,"lambda":0.5,"Si":[12.8039471957,0.0,4.8039471957,0.0,0.0,0.0,0.0,0.0,0.0,0.0],"Results":[[1.0,8.0,58.6960528043,7.3370066005,2.0],[2.0,5.0,40.3531564444,8.0706312889,1.0],[3.0,5.0,38.7708865483,7.7541773097,0.0],[4.0,2.0,17.294948516,8.647474258,0.0],[5.0,2.0,16.6168038849,8.3084019424,0.0],[6.0,6.0,38.9981480939,6.499691349,0.0]],"Profit":73.745262053}
{"beta":0.2,"b":0.04,"lambda":0.5,"Si":[20.0,0.0,10.0,0.0,0.0,0.0,0.0,0.0,0.0,0.0],"Results":[[1.0,10.0,83.8,8.38,3.0],[2.0,1.0,9.6078943915,9.6078943915,0.0],[3.0,1.0,9.2311634639,9.2311634639,0.0],[4.0,1.0,8.8692043672,8.8692043672,0.0],[5.0,1.0,8.5214378897,8.5214378897,0.0],[6.0,1.0,8.1873075308,8.1873075308,0.0]],"Profit":131.4}
{"beta":0.8,"b":0.04,"lambda":0.5,"Si":[7.8823683175,0.0,2.8823683175,0.0,0.0,0.0,0.0,0.0,0.0,0.0],"Results":[[1.0,5.0,39.3176316825,7.8635263365,2.0],[2.0,3.0,25.7491569693,8.5830523231,1.0],[3.0,3.0,30.2782161615,10.0927387205,0.0],[4.0,10.0,111.042438677,11.1042438677,0.0],[5.0,2.0,16.3611607482,8.1805803741,0.0],[6.0,9.0,114.4186583144,12.7131842572,0.0]],"Profit":52.3844203344}
{"beta":0.5,"b":0.01,"lambda":0.5,"Si":[11.8313422028,0.0,4.9009933665,0.0,0.0,0.0,0.0,0.0,0.0,0.0],"Results":[[1.0,9.0,64.1686577972,7.1298508664,1.0],[2.0,7.0,53.5119468247,7.6445638321,1.0],[3.0,5.0,41.1683442789,8.2336688558,1.0],[4.0,3.0,27.1724749394,9.0574916465,0.0],[5.0,3.0,26.9021042963,8.9673680988,0.0],[6.0,2.0,18.5489737778,9.2744868889,0.0]],"Profit":74.8489489008}
{"beta":0.5,"b":0.07,"lambda":0.5,"Si":[12.6619690995,0.0,4.6619690995,0.0,0.0,0.0,0.0,0.0,0.0,0.0],"Results":[[1.0,8.0,58.8380309005,7.3547538626,2.0],[2.0,5.0,39.1605404361,7.8321080872,1.0],[3.0,3.0,24.3420305912,8.1140101971,0.0],[4.0,7.0,43.1625014127,6.1660716304,0.0],[5.0,7.0,39.9292716464,5.7041816638,0.0],[6.0,7.0,36.9146281939,5.2735183134,0.0]],"Profit":72.836602237}
{"beta":0.5,"b":0.04,"lambda":0.2,"Si":[12.8039471957,0.0,4.8039471957,0.0,0.0,0.0,0.0,0.0,0.0,0.0],"Results":[[1.0,8.0,58.6960528043,7.3370066005,2.0],[2.0,5.0,40.3531564444,8.0706312889,1.0],[3.0,5.0,38.7708865483,7.7541773097,0.0],[4.0,2.0,17.294948516,8.647474258,0.0],[5.0,2.0,16.6168038849,8.3084019424,0.0],[6.0,6.0,38.9981480939,6.499691349,0.0]],"Profit":73.745262053}
{"beta":0.5,"b":0.04,"lambda":0.8,"Si":[12.8039471957,0.0,4.8039471957,0.0,0.0,0.0,0.0,0.0,0.0,0.0],"Results":[[1.0,8.0,58.6960528043,7.3370066005,2.0],[2.0,5.0,40.3531564444,8.0706312889,1.0],[3.0,5.0,38.7708865483,7.7541773097,0.0],[4.0,2.0,17.294948516,8.647474258,0.0],[5.0,2.0,16.6168038849,8.3084019424,0.0],[6.0,6.0,38.9981480939,6.499691349,0.0]],"Profit":73.745262053}
