{"beta":0.5,"b":0.04,"lambda":0.5,"Si":[2.8977530741,0.0,9.267014007,0.0,0.0,8.747950367,0.0,0.0,3.2498257731,0.0],"Results":[[1.0,8.0,59.9392448729,7.4924056091,4.0],[2.0,3.0,26.6478425256,8.8826141752,1.0],[3.0,3.0,30.5919345563,10.1973115188,0.0],[4.0,5.0,49.6407781354,9.9281556271,0.0],[5.0,0.0,0.0,0.0,0.0],[6.0,1.0,9.5900244876,9.5900244876,0.0]],"Profit":126.4048220174}
{"beta":0.2,"b":0.04,"lambda":0.5,"Si":[1.7797505508,20.5352696684,0.0,0.0,0.0,9.1767986161,1.9041182519,10.0572633157,0.0,0.0],"Results":[[1.0,10.0,83.0579421226,8.3057942123,5.0],[2.0,2.0,17.4432811768,8.7216405884,1.0],[3.0,5.0,41.9010499948,8.380209999,0.0],[4.0,0.0,0.0,0.0,0.0],[5.0,0.0,0.0,0.0,0.0],[6.0,0.0,0.0,0.0,0.0]],"Profit":224.73299179}
{"beta":0.8,"b":0.04,"lambda":0.5,"Si":[6.5162406041,12.0032028169,0.1253410324,0.1937979309,2.0738139485,0.0,0.0,9.9859975724,2.3182768535,1.2863357017],"Results":[[1.0,5.0,34.6430763417,6.9286152683,3.0],[2.0,2.0,13.4525445907,6.7262722954,6.0],[3.0,10.0,164.2626334725,16.4262633472,0.0],[4.0,10.0,157.8218034877,15.7821803488,0.0],[5.0,10.0,151.633522059,15.1633522059,0.0],[6.0,10.0,145.6878866157,14.5687886616,0.0]],"Profit":76.6444965694}
{"beta":0.5,"b":0.01,"lambda":0.5,"Si":[15.6881125838,1.0340797662,0.0,0.0,5.3151934942,1.6954281329,0.9905175297,4.3453531476,6.7608711637,12.0309722376],"Results":[[1.0,5.0,36.9236360857,7.3847272171,6.0],[2.0,8.0,53.9334476383,6.7416809548,2.0],[3.0,2.0,16.5213801176,8.2606900588,1.0],[4.0,6.0,2200.0,366.6666666667,0.0],[5.0,1.0,2200.0,2200.0,0.0],[6.0,5.0,2200.0,440.0,0.0]],"Profit":153.9300919085}
{"beta":0.5,"b":0.07,"lambda":0.5,"Si":[0.0,0.0,9.4650038503,0.0,1.1289019737,0.0,5.3847701081,0.6562211639,14.8023980089,0.0],"Results":[[1.0,7.0,49.5621000716,7.0803000102,3.0],[2.0,4.0,29.2852925235,7.3213231309,2.0],[3.0,1.0,7.3011274311,7.3011274311,1.0],[4.0,6.0,2200.0,366.6666666667,0.0],[5.0,6.0,32.4239832425,5.4039972071,0.0],[6.0,0.0,0.0,0.0,0.0]],"Profit":94.5580126928}
{"beta":0.5,"b":0.04,"lambda":0.2,"Si":[4.5795761039,0.0,5.5379255017,0.0,3.4727454956,0.0,0.0,0.0,0.0,0.0],"Results":[[1.0,0.0,0.0,0.0,0.0],[2.0,4.0,35.3356456929,8.8339114232,1.0],[3.0,6.0,47.1493741193,7.8582290199,0.0000039461],[4.0,1.0,9.1525135286,9.1525135286,0.0],[5.0,0.0,0.0,0.0,0.0],[6.0,1.0,8.4488348488,8.4488348488,0.0]],"Profit":108.7707751454}
{"beta":0.5,"b":0.04,"lambda":0.8,"Si":[10.7655614027,4.9058051042,6.6649493246,11.0480962974,8.0423139254,1.4826137694,2.0626867717,1.2640143052,10.2019866081,0.0],"Results":[[1.0,7.0,53.4052637064,7.6293233866,9.0],[2.0,3.0,26.7372103298,8.9124034433,1.0],[3.0,2.0,21.2853116651,10.6426558325,0.0],[4.0,6.0,51.5959831668,8.5993305278,0.0],[5.0,6.0,41.1624802524,6.8604133754,0.0],[6.0,0.0,0.0,0.0,0.0]],"Profit":243.3845836874}
