{"beta":0.2,"b":0.04,"Si":[10.8653825378,0.0,2.057954924,0.0,9.0674293752,3.8933413977,5.758944537,0.2639606125,8.6133106065,6.2431014686],"Results":[[1.0,9.0,71.0252006803],[2.0,2.0,20.2738793317],[3.0,0.0,2200.0],[4.0,1.0,2200.0],[5.0,0.0,2200.0],[6.0,0.0,2200.0]],"Profit":188.2215207284,"lambda":0.5}
{"beta":0.5,"b":0.04,"Si":[8.0072187323,10.0668766782,0.0,10.6653382666,0.0,0.0,4.4400838972,0.0,2.3566859072,1.6128011646],"Results":[[1.0,7.0,53.1354246201],[2.0,4.0,35.7343078008],[3.0,0.0,0.0],[4.0,0.0,0.0],[5.0,5.0,44.0830875904],[6.0,0.0,0.0]],"Profit":126.3435080742,"lambda":0.5}
{"beta":0.8,"b":0.04,"Si":[10.1177331218,0.2376450209,8.9179363789,1.4376543471,1.5470164981,5.9974227514,3.7003203699,0.7071537939,0.0,0.3042565684],"Results":[[1.0,4.0,31.697784671],[2.0,1.0,14.054340203],[3.0,0.0,6.373864569],[4.0,0.0,0.0],[5.0,2.0,2200.0],[6.0,0.0,0.0]],"Profit":68.3952773659,"lambda":0.5}
{"beta":0.5,"b":0.01,"Si":[1.7278830673,7.8397347915,0.0,0.0,13.0311871803,3.1671977759,4.5676666278,0.3516952917,13.6702051973,0.0],"Results":[[1.0,4.0,35.3802529974],[2.0,7.0,52.072811044],[3.0,2.0,2200.0],[4.0,2.0,2200.0],[5.0,5.0,2200.0],[6.0,0.0,0.0]],"Profit":132.4271400725,"lambda":0.5}
{"beta":0.5,"b":0.04,"Si":[3.0504974716,13.8659719598,0.0,2.43571001,3.2873051501,6.3382353323,0.5042684356,1.2698576592,18.6780277978,0.3356815341],"Results":[[1.0,7.0,52.0234049941],[2.0,3.0,25.2330549584],[3.0,1.0,12.4716721842],[4.0,1.0,2200.0],[5.0,2.0,2200.0],[6.0,0.0,0.0]],"Profit":94.8657185587,"lambda":0.5}
{"beta":0.5,"b":0.07,"Si":[0.0,0.0,1.7248691094,0.0,0.0,0.0,9.5849564282,3.7861941893,2.4229396639,6.8440355462],"Results":[[1.0,7.0,61.0327371882],[2.0,1.0,18.1485471936],[3.0,0.0,0.0],[4.0,7.0,2200.0],[5.0,0.0,0.0],[6.0,0.0,0.0]],"Profit":155.3122331344,"lambda":0.5}
{"beta":0.5,"b":0.04,"Si":[0.0,0.0,10.0311559231,4.2697170108,0.0630871603,6.3332357991,2.8561833908,0.0,0.0,0.9827799984],"Results":[[1.0,4.0,31.399527282],[2.0,0.0,6.7770000087],[3.0,1.0,15.1412023926],[4.0,2.0,18.7329152934],[5.0,0.0,0.0],[6.0,0.0,0.0]],"Profit":62.5516466611,"lambda":0.2}
{"beta":0.5,"b":0.04,"Si":[0.0,0.0,0.0,3.3016825596,0.0,0.6682251752,0.0,12.3340139536,6.4045532191,5.0831454202],"Results":[[1.0,5.0,40.2434648437],[2.0,1.0,33.5311737503],[3.0,0.0,0.0],[4.0,0.0,0.0],[5.0,0.0,0.0],[6.0,0.0,0.0]],"Profit":97.4607890621,"lambda":0.5}
{"beta":0.5,"b":0.04,"Si":[9.4636980017,3.7105384778,3.4026576107,6.9303026668,9.0523383328,0.041355598,11.8547970024,0.6437413984,0.0,10.3672683492],"Results":[[1.0,7.0,57.1574877754],[2.0,4.0,39.9890827385],[3.0,0.0,0.0],[4.0,0.0,0.0],[5.0,0.0,0.0],[6.0,0.0,0.0]],"Profit":236.0696626435,"lambda":0.8}
{"beta":0.5,"b":0.04,"Si":[0.0,0.3938015175,5.58410417,7.0860218825,2.1919708465,9.7552309203,0.0,0.0,1.5021553946,4.3426760973],"Results":[[1.0,7.0,60.6617293672],[2.0,0.0,8.9060627598],[3.0,0.0,0.0],[4.0,0.0,0.0],[5.0,0.0,0.0],[6.0,2.0,23.4682784626]],"Profit":181.7825017228,"lambda":0.5}
