{"beta":0.5,"b":0.04,"lambda":0.5,"Si":[0.0,0.0,0.9231163464,3.8054846638,10.8054846638,3.8054846638,0.9231163464,10.8054846638,0.0,17.8054846638],"Results":[[1.0,7.0,48.1945153362,6.8849307623,5.0],[2.0,3.0,23.0966196324,7.6988732108,2.0],[3.0,1.0,7.3849307711,7.3849307711,2.0],[4.0,7.0,47.0072755535,6.7153250791,0.0],[5.0,9.0,53.2334546916,5.9148282991,0.0],[6.0,10.0,53.5596215999,5.35596216,0.0]],"Profit":129.9356774878}
{"beta":0.2,"b":0.04,"lambda":0.5,"Si":[0.0,0.0,1.9215788783,11.9215788783,21.9215788783,11.9215788783,1.9215788783,21.9215788783,0.0,31.9215788783],"Results":[[1.0,10.0,71.8784211217,7.1878421122,7.0],[2.0,2.0,15.1804731386,7.5902365693,2.0],[3.0,8.0,100.3440281098,12.5430035137,0.0],[4.0,6.0,78.2042932795,13.0340488799,0.0],[5.0,1.0,50.2761136876,50.2761136876,0.0],[6.0,1.0,50.6770701183,50.6770701183,0.0]],"Profit":237.5098941291}
{"beta":0.8,"b":0.04,"lambda":0.5,"Si":[0.0,0.0,0.9231163464,2.8446952247,7.8446952246,2.8446952247,0.9231163464,7.8446952246,0.0,12.8446952246],"Results":[[1.0,5.0,34.3553047754,6.8710609551,5.0],[2.0,2.0,15.6024620071,7.8012310035,2.0],[3.0,1.0,7.3849307711,7.3849307711,2.0],[4.0,7.0,36.1133128822,5.1590446975,0.0],[5.0,10.0,166.3384676062,16.6338467606,0.0],[6.0,10.0,159.8162430008,15.9816243001,0.0]],"Profit":93.7513094331}
{"beta":0.5,"b":0.01,"lambda":0.5,"Si":[-0.0000008365,0.0,0.9704455335,3.9110415535,8.8612907222,3.9110415535,0.9704455335,8.8612907222,-0.0000008365,16.8612907222],"Results":[[1.0,8.0,54.6387092778,6.8298386597,3.0],[2.0,5.0,37.671051464,7.5342102928,2.0],[3.0,3.0,23.5345212991,7.844840433,2.0],[4.0,1.0,7.7635642684,7.7635642684,2.0],[5.0,7.0,53.5116046466,7.6445149495,0.0],[6.0,3.0,23.7807356125,7.9269118708,0.0]],"Profit":133.8544035734}
{"beta":0.5,"b":0.07,"lambda":0.5,"Si":[0.0,0.0,0.0,2.7971814597,9.7971814597,2.7971814597,0.0,9.7971814597,0.0,16.7971814597],"Results":[[1.0,7.0,49.2028185403,7.0289740772,5.0],[2.0,3.0,23.3098454977,7.7699484992,2.0],[3.0,4.0,37.8170832398,9.45427081,0.0],[4.0,1.0,7.2952582137,7.2952582137,0.0],[5.0,10.0,60.0848074457,6.0084807446,0.0],[6.0,2.0,16.5601701084,8.2800850542,0.0]],"Profit":128.6337836967}
{"beta":0.5,"b":0.04,"lambda":0.2,"Si":[0.0,0.0,0.9231163464,3.8054846638,10.8054846638,3.8054846638,0.9231163464,10.8054846638,0.0,17.8054846638],"Results":[[1.0,7.0,48.1945153362,6.8849307623,5.0],[2.0,3.0,23.0966196324,7.6988732108,2.0],[3.0,1.0,7.3849307711,7.3849307711,2.0],[4.0,7.0,47.0072755535,6.7153250791,0.0],[5.0,9.0,53.2334546916,5.9148282991,0.0],[6.0,10.0,53.5596215999,5.35596216,0.0]],"Profit":129.9356774878}
{"beta":0.5,"b":0.04,"lambda":0.8,"Si":[0.0,0.0,0.9231163464,3.8054846638,10.8054846638,3.8054846638,0.9231163464,10.8054846638,0.0,17.8054846638],"Results":[[1.0,7.0,48.1945153362,6.8849307623,5.0],[2.0,3.0,23.0966196324,7.6988732108,2.0],[3.0,1.0,7.3849307711,7.3849307711,2.0],[4.0,7.0,47.0072755535,6.7153250791,0.0],[5.0,9.0,53.2334546916,5.9148282991,0.0],[6.0,10.0,53.5596215999,5.35596216,0.0]],"Profit":129.9356774878}
